dataset,query_id,financebench_id,company,doc_name,bank_name,query,ground_truth_chunk_id,top1_chunk_id,top5_chunk_ids,correct_at_1,ground_truth_rank_top5,diagnostic_category,latency_seconds,top1_latency_seconds,top5_latency_seconds,top1_input_tokens,top1_output_tokens,top5_input_tokens,top5_output_tokens
FinanceBench,financebench_id_04672,financebench_id_04672,3M,3M_2018_10K,,Assume that you are a public equities analyst. Answer the following question by primarily using information that is shown in the balance sheet: what is the year end FY2018 net PPNE for 3M? Answer in USD billions.,3M_2018_10K_0029,3M_2018_10K_0030,3M_2018_10K_0030|3M_2018_10K_0029|3M_2018_10K_0040|3M_2018_10K_0052|3M_2018_10K_0039,0,2.0,mrr_lower_only,91.469,18.975,91.469,63244,1293,254934,5880
FinanceBench,financebench_id_01226,financebench_id_01226,3M,3M_2022_10K,,"What drove operating margin change as of FY2022 for 3M? If operating margin is not a useful metric for a company like this, then please state that and explain why.",3M_2022_10K_0012,3M_2022_10K_0012,3M_2022_10K_0011|3M_2022_10K_0012|3M_2022_10K_0013|3M_2022_10K_0010|3M_2022_10K_0009,1,2.0,accuracy_only_mrr_lower,71.119,25.027,71.119,56762,1828,237397,5077
FinanceBench,financebench_id_01865,financebench_id_01865,3M,3M_2022_10K,,"If we exclude the impact of M&A, which segment has dragged down 3M's overall growth in 2022?",3M_2022_10K_0011,3M_2022_10K_0013,3M_2022_10K_0013|3M_2022_10K_0014|3M_2022_10K_0010|3M_2022_10K_0049|3M_2022_10K_0012,0,,both_fail,190.689,23.13,190.689,59280,1217,367222,11473
FinanceBench,financebench_id_00807,financebench_id_00807,3M,3M_2023Q2_10Q,,"Does 3M have a reasonably healthy liquidity profile based on its quick ratio for Q2 of FY2023? If the quick ratio is not relevant to measure liquidity, please state that and explain why.",3M_2023Q2_10Q_0006,3M_2023Q2_10Q_0006,3M_2023Q2_10Q_0006|3M_2023Q2_10Q_0028|3M_2023Q2_10Q_0026|3M_2023Q2_10Q_0024|3M_2023Q2_10Q_0005,1,1.0,both_rank1,113.921,20.559,113.921,40395,1558,175167,9122
FinanceBench,financebench_id_00941,financebench_id_00941,3M,3M_2023Q2_10Q,,Which debt securities are registered to trade on a national securities exchange under 3M's name as of Q2 of 2023?,3M_2023Q2_10Q_0000,3M_2023Q2_10Q_0000,3M_2023Q2_10Q_0000|3M_2023Q2_10Q_0001|3M_2022_10K_0000,1,1.0,both_rank1,82.066,17.58,82.066,39624,1317,204943,6145
FinanceBench,financebench_id_01858,financebench_id_01858,3M,3M_2023Q2_10Q,,Does 3M maintain a stable trend of dividend distribution?,3M_2023Q2_10Q_0025,3M_2022_10K_0017,3M_2022_10K_0017|3M_2022_10K_0038|3M_2022_10K_0011|3M_2022_10K_0037|3M_2022_10K_0009,0,,both_fail,74.837,19.812,74.837,60394,1541,241601,6511
FinanceBench,financebench_id_07507,financebench_id_07507,Adobe,ADOBE_2016_10K,,What is Adobe's year-over-year change in unadjusted operating income from FY2015 to FY2016 (in units of percents and round to one decimal place)? Give a solution to the question by using the income statement.,ADOBE_2016_10K_0014_intro,ADOBE_2016_10K_0016,ADOBE_2016_10K_0016|ADOBE_2016_10K_0014_intro|ADOBE_2016_10K_0015|ADOBE_2016_10K_0012,0,2.0,mrr_lower_only,133.117,22.06,133.117,33802,1394,118815,10760
FinanceBench,financebench_id_00438,financebench_id_00438,Adobe,ADOBE_2022_10K,,"Does Adobe have an improving operating margin profile as of FY2022? If operating margin is not a useful metric for a company like this, then state that and explain why.",ADOBE_2022_10K_0013,ADOBE_2022_10K_0011,ADOBE_2022_10K_0013|ADOBE_2022_10K_0011,0,1.0,mrr_rank1_only,101.307,22.165,101.307,39885,1350,144858,6105
FinanceBench,financebench_id_00591,financebench_id_00591,Adobe,ADOBE_2022_10K,,Does Adobe have an improving Free cashflow conversion as of FY2022?,ADOBE_2022_10K_0013,ADOBE_2022_10K_0013,ADOBE_2022_10K_0013|ADOBE_2022_10K_0011,1,1.0,both_rank1,95.025,52.661,95.025,84152,2939,151757,5307
FinanceBench,financebench_id_01319,financebench_id_01319,AES Corporation,AES_2022_10K,,What is the quantity of restructuring costs directly outlined in AES Corporation's income statements for FY2022? If restructuring costs are not explicitly outlined then state 0.,AES_2022_10K_0171,AES_2022_10K_0171,AES_2022_10K_0171|AES_2022_10K_0170|AES_2022_10K_0169,1,1.0,both_rank1,150.391,17.71,150.391,65926,1017,335789,9982
FinanceBench,financebench_id_08135,financebench_id_08135,Amazon,AMAZON_2017_10K,,What is Amazon's year-over-year change in revenue from FY2016 to FY2017 (in units of percents and round to one decimal place)? Calculate what was asked by utilizing the line items clearly shown in the statement of income.,AMAZON_2017_10K_0013,AMAZON_2017_10K_0013,AMAZON_2017_10K_0013|AMAZON_2017_10K_0011|AMAZON_2017_10K_0010|AMAZON_2017_10K_0012|AMAZON_2017_10K_0009,1,1.0,both_rank1,132.175,19.92,132.175,58542,1082,158750,8191
FinanceBench,financebench_id_08286,financebench_id_08286,Amazon,AMAZON_2019_10K,,"By drawing conclusions from the information stated only in the income statement, what is Amazon's FY2019 net income attributable to shareholders (in USD millions)?",AMAZON_2019_10K_0016,AMAZON_2019_10K_0016,AMAZON_2019_10K_0016|AMAZON_2019_10K_0013|AMAZON_2019_10K_0012|AMAZON_2019_10K_0015|AMAZON_2019_10K_0026,1,1.0,both_rank1,92.83,18.011,92.83,58586,1153,151955,6584
FinanceBench,financebench_id_01935,financebench_id_01935,Amcor,AMCOR_2022_8K_dated-2022-07-01,,What was the key agenda of the AMCOR's 8k filing dated 1st July 2022?,AMCOR_2022_8K_dated_2022_07_01_0001,AMCOR_2022_8K_dated_2022_07_01_0001,AMCOR_2022_8K_dated_2022_07_01_0001|AMCOR_2022_8K_dated_2022_07_01_0002|AMCOR_2022_8K_dated_2022_07_01_0005|AMCOR_2022_8K_dated_2022_07_01_0017|AMCOR_2022_8K_dated_2022_07_01_0006,1,1.0,both_rank1,78.7,19.348,78.7,15352,1317,32311,5730
FinanceBench,financebench_id_01936,financebench_id_01936,Amcor,AMCOR_2023Q2_10Q,,What is the nature & purpose of AMCOR's restructuring liability as oF Q2 of FY2023 close?,AMCOR_2023Q2_10Q_0011,AMCOR_2023Q2_10Q_0011,AMCOR_2023Q2_10Q_0011|AMCOR_2023_10K_0019|AMCOR_2023_10K_0010,1,1.0,both_rank1,181.255,18.831,181.255,39924,1497,223541,12647
FinanceBench,financebench_id_01928,financebench_id_01928,Amcor,AMCOR_2023Q4_EARNINGS,,What Was AMCOR's Adjusted Non GAAP EBITDA for FY 2023,AMCOR_2023Q4_EARNINGS_0018,AMCOR_2023Q4_EARNINGS_0018,AMCOR_2023Q4_EARNINGS_0018|AMCOR_2023Q4_EARNINGS_0000|AMCOR_2023Q4_EARNINGS_0019|AMCOR_2023Q4_EARNINGS_0011|AMCOR_2023Q4_EARNINGS_0012,1,1.0,both_rank1,83.487,26.365,83.487,26211,1747,72533,5339
FinanceBench,financebench_id_01930,financebench_id_01930,Amcor,AMCOR_2023Q4_EARNINGS,,"How much was the Real change in Sales for AMCOR in FY 2023 vs FY 2022, if we exclude the impact of FX movement, passthrough costs and one-off items?",AMCOR_2023Q4_EARNINGS_0017,AMCOR_2023Q4_EARNINGS_0017,AMCOR_2023Q4_EARNINGS_0017|AMCOR_2023Q4_EARNINGS_0004|AMCOR_2023Q4_EARNINGS_0000|AMCOR_2023Q4_EARNINGS_0003|AMCOR_2023Q4_EARNINGS_0002,1,1.0,both_rank1,131.645,34.635,131.645,24571,2382,70143,9905
FinanceBench,financebench_id_00799,financebench_id_00799,Amcor,AMCOR_2023_10K,,"Has AMCOR's quick ratio improved or declined between FY2023 and FY2022? If the quick ratio is not something that a financial analyst would ask about a company like this, then state that and explain why.",AMCOR_2023_10K_0016,AMCOR_2023_10K_0016,AMCOR_2023_10K_0016|AMCOR_2023_10K_0010|AMCOR_2023_10K_0019|AMCOR_2023_10K_0015|AMCOR_2023_10K_0012,1,1.0,both_rank1,172.073,28.331,172.073,33394,1802,170892,10058
FinanceBench,financebench_id_01079,financebench_id_01079,Amcor,AMCOR_2023_10K,,"What are major acquisitions that AMCOR has done in FY2023, FY2022 and FY2021?",AMCOR_2023_10K_0019,AMCOR_2023_10K_0019,AMCOR_2023_10K_0019|AMCOR_2023Q2_10Q_0011|AMCOR_2023Q4_EARNINGS_0004|AMCOR_2023_10K_0010,1,1.0,both_rank1,199.07,199.07,199.07,314290,11566,314290,11566
FinanceBench,financebench_id_01148,financebench_id_01148,Amcor,AMCOR_2023_10K,,What industry does AMCOR primarily operate in?,AMCOR_2023_10K_0001,AMCOR_2023_10K_0002,AMCOR_2023_10K_0002|AMCOR_2023_10K_0019|AMCOR_2023_10K_0001|AMCOR_2023_10K_0010|AMCOR_2023_10K_0000,0,3.0,mrr_lower_only,66.56,19.951,66.56,37930,1210,167526,4198
FinanceBench,financebench_id_00684,financebench_id_00684,Amcor,AMCOR_2023_10K,,"Does AMCOR have an improving gross margin profile as of FY2023? If gross margin is not a useful metric for a company like this, then state that and explain why.",AMCOR_2023_10K_0014,AMCOR_2023_10K_0010,AMCOR_2023_10K_0010|AMCOR_2023_10K_0011|AMCOR_2023_10K_0014|AMCOR_2023_10K_0019|AMCOR_2023_10K_0013,0,3.0,mrr_lower_only,107.956,23.105,107.956,45721,1801,165302,8166
FinanceBench,financebench_id_00222,financebench_id_00222,AMD,AMD_2022_10K,,"Does AMD have a reasonably healthy liquidity profile based on its quick ratio for FY22? If the quick ratio is not relevant to measure liquidity, please state that and explain why.",AMD_2022_10K_0014,AMD_2022_10K_0014,AMD_2022_10K_0014|AMD_2022_10K_0012|AMD_2022_10K_0013|AMD_2022_10K_0011,1,1.0,both_rank1,84.598,19.977,84.598,59534,1675,167710,6159
FinanceBench,financebench_id_00995,financebench_id_00995,AMD,AMD_2022_10K,,What are the major products and services that AMD sells as of FY22?,AMD_2022_10K_0002,AMD_2022_10K_0003,AMD_2022_10K_0003|AMD_2022_10K_0002|AMD_2022_10K_0014|AMD_2022_10K_0001|AMD_2022_10K_0012,0,2.0,mrr_lower_only,86.608,19.126,86.608,40493,887,153099,5266
FinanceBench,financebench_id_01198,financebench_id_01198,AMD,AMD_2022_10K,,What drove revenue change as of the FY22 for AMD?,AMD_2022_10K_0012,AMD_2022_10K_0012,AMD_2022_10K_0012|AMD_2022_10K_0014|AMD_2022_10K_0011|AMD_2022_10K_0013,1,1.0,both_rank1,117.212,16.207,117.212,38357,958,147884,6710
FinanceBench,financebench_id_00917,financebench_id_00917,AMD,AMD_2022_10K,,"What drove operating margin change as of the FY22 for AMD? If operating margin is not a useful metric for a company like this, then please state that and explain why.",AMD_2022_10K_0012,AMD_2022_10K_0012,AMD_2022_10K_0012|AMD_2022_10K_0014|AMD_2022_10K_0013|AMD_2022_10K_0011,1,1.0,both_rank1,110.934,20.312,110.934,38449,1604,148114,6446
FinanceBench,financebench_id_01279,financebench_id_01279,AMD,AMD_2022_10K,,"Among operations, investing, and financing activities, which brought in the most (or lost the least) cash flow for AMD in FY22?",AMD_2022_10K_0014,AMD_2022_10K_0012,AMD_2022_10K_0014|AMD_2022_10K_0012|AMD_2022_10K_0013|AMD_2022_10K_0011,0,1.0,mrr_rank1_only,104.921,27.202,104.921,38421,1239,147048,5625
FinanceBench,financebench_id_00563,financebench_id_00563,AMD,AMD_2022_10K,,"From FY21 to FY22, excluding Embedded, in which AMD reporting segment did sales proportionally increase the most?",AMD_2022_10K_0012,AMD_2022_10K_0012,AMD_2022_10K_0012|AMD_2022_10K_0014|AMD_2022_10K_0011,1,1.0,both_rank1,102.308,26.341,102.308,38401,1363,133064,5009
FinanceBench,financebench_id_00757,financebench_id_00757,AMD,AMD_2022_10K,,Did AMD report customer concentration in FY22?,AMD_2022_10K_0003,AMD_2022_10K_0014,AMD_2022_10K_0014|AMD_2022_10K_0003|AMD_2022_10K_0004|AMD_2022_10K_0002|AMD_2022_10K_0013,0,2.0,mrr_lower_only,115.138,28.254,115.138,59430,1668,181081,5785
FinanceBench,financebench_id_01028,financebench_id_01028,American Express,AMERICANEXPRESS_2022_10K,,What are the geographies that American Express primarily operates in as of 2022?,AMERICANEXPRESS_2022_10K_0116,AMERICANEXPRESS_2022_10K_0113,AMERICANEXPRESS_2022_10K_0116|AMERICANEXPRESS_2022_10K_0115|AMERICANEXPRESS_2022_10K_0113|AMERICANEXPRESS_2022_10K_0003|AMERICANEXPRESS_2022_10K_0027,0,1.0,mrr_rank1_only,118.706,38.471,118.706,53599,2702,145716,8106
FinanceBench,financebench_id_00723,financebench_id_00723,American Express,AMERICANEXPRESS_2022_10K,,"Does AMEX have an improving operating margin profile as of 2022? If operating margin is not a useful metric for a company like this, then state that and explain why.",AMERICANEXPRESS_2022_10K_0028,AMERICANEXPRESS_2022_10K_0017,AMERICANEXPRESS_2022_10K_0016|AMERICANEXPRESS_2022_10K_0028|AMERICANEXPRESS_2022_10K_0017|AMERICANEXPRESS_2022_10K_0015|AMERICANEXPRESS_2022_10K_0027,0,2.0,mrr_lower_only,145.312,44.523,145.312,42486,3148,150447,9848
FinanceBench,financebench_id_00720,financebench_id_00720,American Express,AMERICANEXPRESS_2022_10K,,"What drove gross margin change as of the FY2022 for American Express? If gross margin is not a useful metric for a company like this, then please state that and explain why.",AMERICANEXPRESS_2022_10K_0028,AMERICANEXPRESS_2022_10K_0017,AMERICANEXPRESS_2022_10K_0017|AMERICANEXPRESS_2022_10K_0016|AMERICANEXPRESS_2022_10K_0015|AMERICANEXPRESS_2022_10K_0018|AMERICANEXPRESS_2022_10K_0014,0,,both_fail,96.828,29.057,96.828,42490,2058,154573,7098
FinanceBench,financebench_id_01351,financebench_id_01351,American Express,AMERICANEXPRESS_2022_10K,,How much has the effective tax rate of American Express changed between FY2021 and FY2022?,AMERICANEXPRESS_2022_10K_0016,AMERICANEXPRESS_2022_10K_0017,AMERICANEXPRESS_2022_10K_0017|AMERICANEXPRESS_2022_10K_0107|AMERICANEXPRESS_2022_10K_0016|AMERICANEXPRESS_2022_10K_0028|AMERICANEXPRESS_2022_10K_0106,0,3.0,mrr_lower_only,88.882,22.489,88.882,42422,1109,174212,5885
FinanceBench,financebench_id_01964,financebench_id_01964,American Express,AMERICANEXPRESS_2022_10K,,What was the largest liability in American Express's Balance Sheet in 2022?,AMERICANEXPRESS_2022_10K_0028,AMERICANEXPRESS_2022_10K_0028,AMERICANEXPRESS_2022_10K_0028|AMERICANEXPRESS_2022_10K_0071|AMERICANEXPRESS_2022_10K_0026|AMERICANEXPRESS_2022_10K_0027|AMERICANEXPRESS_2022_10K_0024,1,1.0,both_rank1,150.27,16.105,150.27,41486,961,197903,9484
FinanceBench,financebench_id_01981,financebench_id_01981,American Express,AMERICANEXPRESS_2022_10K,,Was American Express able to retain card members during 2022?,AMERICANEXPRESS_2022_10K_0016,AMERICANEXPRESS_2022_10K_0016,AMERICANEXPRESS_2022_10K_0016|AMERICANEXPRESS_2022_10K_0017|AMERICANEXPRESS_2022_10K_0018|AMERICANEXPRESS_2022_10K_0015|AMERICANEXPRESS_2022_10K_0014,1,1.0,both_rank1,71.449,15.227,71.449,41296,824,154748,4975
FinanceBench,financebench_id_05718,financebench_id_05718,American Water Works,AMERICANWATERWORKS_2020_10K,,How much (in USD billions) did American Water Works pay out in cash dividends for FY2020? Compute or extract the answer by primarily using the details outlined in the statement of cash flows.,AMERICANWATERWORKS_2020_10K_0025,AMERICANWATERWORKS_2020_10K_0025,AMERICANWATERWORKS_2020_10K_0025|AMERICANWATERWORKS_2020_10K_0012|AMERICANWATERWORKS_2020_10K_0024|AMERICANWATERWORKS_2020_10K_0011|AMERICANWATERWORKS_2020_10K_0013,1,1.0,both_rank1,183.67,17.88,183.67,38274,1200,183674,13847
FinanceBench,financebench_id_04417,financebench_id_04417,Best Buy,BESTBUY_2019_10K,,What is the year end FY2019 total amount of inventories for Best Buy? Answer in USD millions. Base your judgments on the information provided primarily in the balance sheet.,BESTBUY_2019_10K_0064,BESTBUY_2019_10K_0064,BESTBUY_2019_10K_0064|BESTBUY_2019_10K_0063,1,1.0,both_rank1,159.788,18.549,159.788,35453,1256,121973,11422
FinanceBench,financebench_id_00685,financebench_id_00685,Best Buy,BESTBUY_2023_10K,,"Are Best Buy's gross margins historically consistent (not fluctuating more than roughly 2% each year)? If gross margins are not a relevant metric for a company like this, then please state that and explain why.",BESTBUY_2023_10K_0014,BESTBUY_2023_10K_0014,BESTBUY_2023_10K_0012|BESTBUY_2019_10K_0011|BESTBUY_2019_10K_0013|BESTBUY_2019_10K_0019_intro|BESTBUY_2023_10K_0014,1,5.0,accuracy_only_mrr_lower,130.014,27.071,130.014,57182,1933,194668,9112
FinanceBench,financebench_id_01077,financebench_id_01077,Best Buy,BESTBUY_2023_10K,,"What are major acquisitions that Best Buy has done in FY2023, FY2022 and FY2021?",BESTBUY_2023_10K_0014,BESTBUY_2023_10K_0014,BESTBUY_2023_10K_0014|BESTBUY_2023_10K_0012|BESTBUY_2023_10K_0002|BESTBUY_2023_10K_0001|BESTBUY_2023_10K_0011,1,1.0,both_rank1,111.44,26.867,111.44,57098,1989,159710,7663
FinanceBench,financebench_id_01275,financebench_id_01275,Best Buy,BESTBUY_2023_10K,,"Among operations, investing, and financing activities, which brought in the most (or lost the least) cash flow for Best Buy in FY2023?",BESTBUY_2023_10K_0014,BESTBUY_2023_10K_0012,BESTBUY_2023_10K_0014|BESTBUY_2023_10K_0012|BESTBUY_2023_10K_0011,0,1.0,mrr_rank1_only,135.168,19.449,135.168,42332,1289,154862,8751
FinanceBench,financebench_id_00288,financebench_id_00288,Best Buy,BESTBUY_2024Q2_10Q,,Was there any drop in Cash & Cash equivalents between FY 2023 and Q2 of FY2024?,BESTBUY_2024Q2_10Q_0009,BESTBUY_2024Q2_10Q_0009,BESTBUY_2024Q2_10Q_0009|BESTBUY_2024Q2_10Q_0002|BESTBUY_2024Q2_10Q_0000|BESTBUY_2024Q2_10Q_0001|BESTBUY_2024Q2_10Q_0010,1,1.0,both_rank1,117.106,30.902,117.106,31588,2327,100087,8814
FinanceBench,financebench_id_00460,financebench_id_00460,Best Buy,BESTBUY_2024Q2_10Q,,Was there any change in the number of Best Buy stores between Q2 of FY2024 and FY2023?,BESTBUY_2024Q2_10Q_0009,BESTBUY_2024Q2_10Q_0009,BESTBUY_2024Q2_10Q_0009,1,1.0,both_rank1,68.241,14.297,68.241,31592,977,87923,4710
FinanceBench,financebench_id_01902,financebench_id_01902,Best Buy,BESTBUY_2024Q2_10Q,,Which Best Buy product category performed the best (by top line) in the domestic (USA) Market during Q2 of FY2024?,BESTBUY_2024Q2_10Q_0009,BESTBUY_2024Q2_10Q_0009,BESTBUY_2024Q2_10Q_0009,1,1.0,both_rank1,68.268,15.603,68.268,31612,1091,87968,5001
FinanceBench,financebench_id_04660,financebench_id_04660,Block,BLOCK_2016_10K,,"Considering the data in the balance sheet, what is Block's (formerly known as Square) FY2016 working capital ratio? Define working capital ratio as total current assets divided by total current liabilities. Round your answer to two decimal places.",BLOCK_2016_10K_0058,BLOCK_2016_10K_0059,BLOCK_2016_10K_0059|BLOCK_2016_10K_0052|BLOCK_2020_10K_0063|BLOCK_2016_10K_0053|BLOCK_2016_10K_0054,0,,both_fail,206.823,206.823,206.823,207753,12641,207753,12641
FinanceBench,financebench_id_03838,financebench_id_03838,Block,BLOCK_2020_10K,,What is the FY2019 - FY2020 total revenue growth rate for Block (formerly known as Square)? Answer in units of percents and round to one decimal place. Approach the question asked by assuming the standpoint of an investment banking analyst who only has access to the statement of income.,BLOCK_2020_10K_0071,BLOCK_2020_10K_0072,BLOCK_2020_10K_0072|BLOCK_2020_10K_0063|BLOCK_2020_10K_0064,0,,both_fail,155.056,30.509,155.056,31330,1500,119823,8972
FinanceBench,financebench_id_07661,financebench_id_07661,Block,BLOCK_2020_10K,,"Using the cash flow statement, answer the following question to the best of your abilities: how much did Block (formerly known as Square) generate in cash flow from operating activities in FY2020? Answer in USD millions.",BLOCK_2020_10K_0074,BLOCK_2020_10K_0075,BLOCK_2020_10K_0075|BLOCK_2020_10K_0064|BLOCK_2020_10K_0063,0,,both_fail,121.042,22.029,121.042,30738,1397,141357,8011
FinanceBench,financebench_id_10285,financebench_id_10285,Boeing,BOEING_2018_10K,,"We need to calculate a financial metric by using information only provided within the balance sheet. Please answer the following question: what is Boeing's year end FY2018 net property, plant, and equipment (in USD millions)?",BOEING_2018_10K_0016,BOEING_2018_10K_0015,BOEING_2018_10K_0016|BOEING_2018_10K_0015|BOEING_2018_10K_0031|BOEING_2018_10K_0030|BOEING_2018_10K_0012,0,1.0,mrr_rank1_only,90.292,22.111,90.292,34331,1584,131136,6185
FinanceBench,financebench_id_00517,financebench_id_00517,Boeing,BOEING_2022_10K,,Are there any product categories / service categories that represent more than 20% of Boeing's revenue for FY2022?,BOEING_2022_10K_0023,BOEING_2022_10K_0023,BOEING_2022_10K_0045|BOEING_2022_10K_0023|BOEING_2022_10K_0022|BOEING_2022_10K_0044|BOEING_2022_10K_0031,1,2.0,accuracy_only_mrr_lower,107.76,26.703,107.76,53396,1390,153316,6628
FinanceBench,financebench_id_01091,financebench_id_01091,Boeing,BOEING_2022_10K,,Has Boeing reported any materially important ongoing legal battles from FY2022?,BOEING_2022_10K_0044,BOEING_2022_10K_0044,BOEING_2022_10K_0044|BOEING_2022_10K_0043|BOEING_2022_10K_0036|BOEING_2022_10K_0045|BOEING_2022_10K_0035,1,1.0,both_rank1,133.242,33.002,133.242,53315,2173,158224,7094
FinanceBench,financebench_id_00678,financebench_id_00678,Boeing,BOEING_2022_10K,,"Does Boeing have an improving gross margin profile as of FY2022? If gross margin is not a useful metric for a company like this, then state that and explain why.",BOEING_2022_10K_0018,BOEING_2022_10K_0018,BOEING_2022_10K_0018|BOEING_2022_10K_0045|BOEING_2022_10K_0024|BOEING_2022_10K_0030|BOEING_2022_10K_0023,1,1.0,both_rank1,242.007,43.839,242.007,53388,3207,160455,9673
FinanceBench,financebench_id_00464,financebench_id_00464,Boeing,BOEING_2022_10K,,Is Boeing's business subject to cyclicality?,BOEING_2022_10K_0007,BOEING_2022_10K_0007,BOEING_2022_10K_0007|BOEING_2022_10K_0006|BOEING_2022_10K_0015|BOEING_2022_10K_0014|BOEING_2022_10K_0008,1,1.0,both_rank1,105.226,24.95,105.226,37575,1211,128081,5210
FinanceBench,financebench_id_00494,financebench_id_00494,Boeing,BOEING_2022_10K,,What production rate changes is Boeing forecasting for FY2023?,BOEING_2022_10K_0007,BOEING_2022_10K_0015,BOEING_2022_10K_0015|BOEING_2022_10K_0014|BOEING_2022_10K_0006|BOEING_2022_10K_0005|BOEING_2022_10K_0004,0,,both_fail,171.376,26.614,171.376,50074,1616,170187,9197
FinanceBench,financebench_id_00585,financebench_id_00585,Boeing,BOEING_2022_10K,,How does Boeing's effective tax rate in FY2022 compare to FY2021?,BOEING_2022_10K_0018,BOEING_2022_10K_0027,BOEING_2022_10K_0027|BOEING_2022_10K_0018|BOEING_2022_10K_0022|BOEING_2022_10K_0026|BOEING_2022_10K_0028,0,2.0,mrr_lower_only,126.924,34.534,126.924,55350,1585,155368,7417
FinanceBench,financebench_id_09724,financebench_id_09724,Coca-Cola,COCACOLA_2021_10K,,What is Coca Cola's FY2021 COGS % margin? Calculate what was asked by utilizing the line items clearly shown in the income statement.,COCACOLA_2021_10K_0016,COCACOLA_2021_10K_0016,COCACOLA_2021_10K_0016|COCACOLA_2021_10K_0013,1,1.0,both_rank1,121.669,20.937,121.669,36317,1088,126532,8184
FinanceBench,financebench_id_02981,financebench_id_02981,Corning,CORNING_2021_10K,,"Taking into account the information outlined in the income statement, what is the FY2019 - FY2021 3 year average unadjusted operating income % margin for Corning? Answer in units of percents and round to one decimal place.",CORNING_2021_10K_0140,CORNING_2021_10K_0060,CORNING_2021_10K_0060|CORNING_2021_10K_0136|CORNING_2021_10K_0118,0,,both_fail,283.738,283.738,283.738,162631,20459,162631,20459
FinanceBench,financebench_id_01346,financebench_id_01346,Corning,CORNING_2022_10K,,How much has the effective tax rate of Corning changed between FY2021 and FY2022?,CORNING_2022_10K_0062_intro,CORNING_2022_10K_0062_intro,CORNING_2022_10K_0062_intro|CORNING_2022_10K_0069|CORNING_2022_10K_0068|CORNING_2022_10K_0067|CORNING_2022_10K_0066,1,1.0,both_rank1,64.965,32.809,64.965,29597,2214,50864,5531
FinanceBench,financebench_id_00005,financebench_id_00005,Corning,CORNING_2022_10K,,"Does Corning have positive working capital based on FY2022 data? If working capital is not a useful or relevant metric for this company, then please state that and explain why.",CORNING_2022_10K_0130,CORNING_2022_10K_0087,CORNING_2022_10K_0087|CORNING_2022_10K_0092|CORNING_2022_10K_0086_intro|CORNING_2022_10K_0057,0,,both_fail,142.129,29.283,142.129,32930,1952,107036,11445
FinanceBench,financebench_id_04209,financebench_id_04209,Costco,COSTCO_2021_10K,,"Using only the information within the balance sheet, how much total assets did Costco have at the end of FY2021? Answer in USD millions.",COSTCO_2021_10K_0013,COSTCO_2021_10K_0013,COSTCO_2021_10K_0013|COSTCO_2021_10K_0012,1,1.0,both_rank1,52.361,14.698,52.361,47479,1031,106413,4296
FinanceBench,financebench_id_01244,financebench_id_01244,CVS Health,CVSHEALTH_2022_10K,,Has CVS Health paid dividends to common shareholders in Q2 of FY2022?,CVSHEALTH_2022_10K_0119,CVSHEALTH_2022_10K_0236,CVSHEALTH_2022_10K_0236|CVSHEALTH_2022_10K_0120|CVSHEALTH_2022_10K_0235|CVSHEALTH_2022_10K_0237|CVSHEALTH_2022_10K_0238,0,,both_fail,96.357,40.38,96.357,44298,3282,83495,8447
FinanceBench,financebench_id_00822,financebench_id_00822,Foot Locker,FOOTLOCKER_2022_8K_dated-2022-05-20,,Were there any board member nominees who had substantially more votes against joining than the other nominees?,FOOTLOCKER_2022_8K_dated_2022_05_20_0001,PEPSICO_2023_8K_dated_2023_05_05_0001,PEPSICO_2023_8K_dated_2023_05_05_0001|FOOTLOCKER_2022_8K_dated_2022_05_20_0001,0,2.0,mrr_lower_only,75.781,25.17,75.781,14428,1500,43737,6114
FinanceBench,financebench_id_00839,financebench_id_00839,Foot Locker,FOOTLOCKER_2022_8K_dated_2022-08-19,,Does Foot Locker's new CEO have previous CEO experience in a similar company to Footlocker?,FOOTLOCKER_2022_8K_dated_2022_08_19_0001,FOOTLOCKER_2022_8K_dated_2022_08_19_0001,FOOTLOCKER_2022_8K_dated_2022_08_19_0001|FOOTLOCKER_2022_8K_dated_2022_08_19_0041_intro|FOOTLOCKER_2022_8K_dated_2022_08_19_0040,1,1.0,both_rank1,161.485,20.09,161.485,17772,1368,76449,10540
FinanceBench,financebench_id_03471,financebench_id_03471,General Mills,GENERALMILLS_2020_10K,,"By drawing conclusions from the information stated only in the statement of financial position, what is General Mills's FY2020 working capital ratio? Define working capital ratio as total current assets divided by total current liabilities. Round your answer to two decimal places.",GENERALMILLS_2020_10K_0018,GENERALMILLS_2020_10K_0018,GENERALMILLS_2020_10K_0018|GENERALMILLS_2020_10K_0010|GENERALMILLS_2020_10K_0017,1,1.0,both_rank1,157.813,17.374,157.813,34766,1142,116725,11073
FinanceBench,financebench_id_04854,financebench_id_04854,General Mills,GENERALMILLS_2020_10K,,"According to the information provided in the statement of cash flows, what is the FY2020 free cash flow (FCF) for General Mills? FCF here is defined as: (cash from operations - capex). Answer in USD millions.",GENERALMILLS_2020_10K_0020,GENERALMILLS_2020_10K_0020,GENERALMILLS_2020_10K_0020|GENERALMILLS_2020_10K_0011|GENERALMILLS_2020_10K_0010|GENERALMILLS_2020_10K_0009|GENERALMILLS_2020_10K_0019,1,1.0,both_rank1,125.99,22.454,125.99,34999,1586,124672,10094
FinanceBench,financebench_id_01484,financebench_id_01484,Johnson & Johnson,JOHNSON_JOHNSON_2022Q4_EARNINGS,,How did JnJ's US sales growth compare to international sales growth in FY2022?,JOHNSON_JOHNSON_2022Q4_EARNINGS_0001,JOHNSON_JOHNSON_2022Q4_EARNINGS_0001,JOHNSON_JOHNSON_2022Q4_EARNINGS_0001|JOHNSON_JOHNSON_2022Q4_EARNINGS_0013|JOHNSON_JOHNSON_2022Q4_EARNINGS_0000|JOHNSON_JOHNSON_2022Q4_EARNINGS_0002|JOHNSON_JOHNSON_2022Q4_EARNINGS_0014,1,1.0,both_rank1,50.073,14.282,50.073,26627,1174,80567,4212
FinanceBench,financebench_id_00956,financebench_id_00956,Johnson & Johnson,JOHNSON_JOHNSON_2022_10K,,Are JnJ's FY2022 financials that of a high growth company?,JOHNSON_JOHNSON_2022_10K_0024,JOHNSON_JOHNSON_2022_10K_0024,JOHNSON_JOHNSON_2022_10K_0024|JOHNSON_JOHNSON_2022_10K_0076|JOHNSON_JOHNSON_2022_10K_0031|JOHNSON_JOHNSON_2022_10K_0030|JOHNSON_JOHNSON_2022_10K_0072,1,1.0,both_rank1,83.792,18.535,83.791,51428,1448,148452,6318
FinanceBench,financebench_id_00669,financebench_id_00669,Johnson & Johnson,JOHNSON_JOHNSON_2022_10K,,"What drove gross margin change as of FY2022 for JnJ? If gross margin is not a useful metric for a company like this, then please state that and explain why.",JOHNSON_JOHNSON_2022_10K_0024,JOHNSON_JOHNSON_2022_10K_0024,JOHNSON_JOHNSON_2022_10K_0024|JOHNSON_JOHNSON_2022Q4_EARNINGS_0016|JOHNSON_JOHNSON_2022Q4_EARNINGS_0026,1,1.0,both_rank1,160.838,22.754,160.838,51508,1417,218103,13118
FinanceBench,financebench_id_01487,financebench_id_01487,Johnson & Johnson,JOHNSON_JOHNSON_2023Q2_EARNINGS,,Did JnJ's net earnings as a percent of sales increase in Q2 of FY2023 compared to Q2 of FY2022?,JOHNSON_JOHNSON_2023Q2_EARNINGS_0012,JOHNSON_JOHNSON_2023Q2_EARNINGS_0012,JOHNSON_JOHNSON_2023Q2_EARNINGS_0012|JOHNSON_JOHNSON_2023Q2_EARNINGS_0000|JOHNSON_JOHNSON_2023Q2_EARNINGS_0015|JOHNSON_JOHNSON_2023Q2_EARNINGS_0017|JOHNSON_JOHNSON_2023Q2_EARNINGS_0018,1,1.0,both_rank1,122.82,16.566,122.82,32776,1452,91278,9835
FinanceBench,financebench_id_01488,financebench_id_01488,Johnson & Johnson,JOHNSON_JOHNSON_2023_8K_dated-2023-08-30,,"Which business segment of JnJ will be treated as a discontinued operation from August 30, 2023 onward?",JOHNSON_JOHNSON_2023_8K_dated_2023_08_30_0004_intro,JOHNSON_JOHNSON_2023_8K_dated_2023_08_30_0003,JOHNSON_JOHNSON_2023_8K_dated_2023_08_30_0004_intro|JOHNSON_JOHNSON_2023_8K_dated_2023_08_30_0003|JOHNSON_JOHNSON_2023_8K_dated_2023_08_30_0008|JOHNSON_JOHNSON_2023_8K_dated_2023_08_30_0001|JOHNSON_JOHNSON_2023_8K_dated_2023_08_30_0005,0,1.0,mrr_rank1_only,79.466,28.274,79.466,15121,1505,38153,5859
FinanceBench,financebench_id_01490,financebench_id_01490,Johnson & Johnson,JOHNSON_JOHNSON_2023_8K_dated-2023-08-30,,"What is the amount of the gain accruing to JnJ as a result of the separation of its Consumer Health business segment, as of August 30, 2023?",JOHNSON_JOHNSON_2023_8K_dated_2023_08_30_0004_intro,JOHNSON_JOHNSON_2023_8K_dated_2023_08_30_0004_intro,JOHNSON_JOHNSON_2023_8K_dated_2023_08_30_0004_intro|JOHNSON_JOHNSON_2023_8K_dated_2023_08_30_0003|JOHNSON_JOHNSON_2023_8K_dated_2023_08_30_0001|JOHNSON_JOHNSON_2023_8K_dated_2023_08_30_0008|JOHNSON_JOHNSON_2023_8K_dated_2023_08_30_0005,1,1.0,both_rank1,86.357,29.171,86.357,19756,1636,38618,6520
FinanceBench,financebench_id_01491,financebench_id_01491,Johnson & Johnson,JOHNSON_JOHNSON_2023_8K_dated-2023-08-30,,"What is the amount of the cash proceeds that JnJ realised from the separation of Kenvue (formerly Consumer Health business segment), as of August 30, 2023?",JOHNSON_JOHNSON_2023_8K_dated_2023_08_30_0004_intro,JOHNSON_JOHNSON_2023_8K_dated_2023_08_30_0004_intro,JOHNSON_JOHNSON_2023_8K_dated_2023_08_30_0004_intro|JOHNSON_JOHNSON_2023_8K_dated_2023_08_30_0008|JOHNSON_JOHNSON_2023_8K_dated_2023_08_30_0001|JOHNSON_JOHNSON_2023_8K_dated_2023_08_30_0003,1,1.0,both_rank1,154.998,40.782,154.998,19761,2228,125939,12175
FinanceBench,financebench_id_00299,financebench_id_00299,JPMorgan,JPMORGAN_2021Q1_10Q,,Which of JPM's business segments had the lowest net revenue in 2021 Q1?,JPMORGAN_2021Q1_10Q_0024,JPMORGAN_2021Q1_10Q_0024,JPMORGAN_2021Q1_10Q_0264|JPMORGAN_2021Q1_10Q_0024|JPMORGAN_2021Q1_10Q_0263,1,2.0,accuracy_only_mrr_lower,462.999,36.074,462.999,37462,1589,269168,32410
FinanceBench,financebench_id_02119,financebench_id_02119,JPMorgan,JPMORGAN_2021Q1_10Q,,"If JPM went bankrupted by the end by 2021 Q1 and liquidated all of its assets to pay its shareholders, how much could each shareholder get?",JPMORGAN_2021Q1_10Q_0006,JPMORGAN_2021Q1_10Q_0002,JPMORGAN_2021Q1_10Q_0002|JPMORGAN_2021Q1_10Q_0004_intro|JPMORGAN_2021Q1_10Q_0006|JPMORGAN_2021Q1_10Q_0005|JPMORGAN_2021Q1_10Q_0007,0,3.0,mrr_lower_only,112.793,35.815,112.793,31427,3092,58465,8822
FinanceBench,financebench_id_00206,financebench_id_00206,JPMorgan,JPMORGAN_2022_10K,,"Are JPM's gross margins historically consistent (not fluctuating more than roughly 2% each year)? If gross margins are not a relevant metric for a company like this, then please state that and explain why.",JPMORGAN_2022_10K_0002,JPMORGAN_2022_10K_0083_intro,JPMORGAN_2022_10K_0081|JPMORGAN_2022_10K_0071|JPMORGAN_2022_10K_0451|JPMORGAN_2022_10K_0304|JPMORGAN_2022_10K_0241,0,,both_fail,286.639,268.578,286.639,358277,20363,365842,21793
FinanceBench,financebench_id_02049,financebench_id_02049,JPMorgan,JPMORGAN_2023Q2_10Q,,"Looking at VaR, did the risk that JPM faced in the second fiscal quarter of 2023 decrease compared to the same period in the prior year?",JPMORGAN_2023Q2_10Q_0113,JPMORGAN_2023Q2_10Q_0113,JPMORGAN_2023Q2_10Q_0113|JPMORGAN_2023Q2_10Q_0112|JPMORGAN_2022Q2_10Q_0115|JPMORGAN_2023Q2_10Q_0114|JPMORGAN_2023Q2_10Q_0468,1,1.0,both_rank1,216.964,32.986,216.964,40439,2361,152389,15235
FinanceBench,financebench_id_03031,financebench_id_03031,Lockheed Martin,LOCKHEEDMARTIN_2021_10K,,What is Lockheed Martin's FY2021 net working capital? Define net working capital as total current assets less total current liabilities. Answer in USD millions. Respond to the question by assuming the perspective of an investment analyst who can only use the details shown within the balance sheet.,LOCKHEEDMARTIN_2021_10K_0027,LOCKHEEDMARTIN_2021_10K_0027,LOCKHEEDMARTIN_2021_10K_0027|LOCKHEEDMARTIN_2021_10K_0011|LOCKHEEDMARTIN_2022_10K_0011|LOCKHEEDMARTIN_2021_10K_0026|LOCKHEEDMARTIN_2021_10K_0009,1,1.0,both_rank1,208.098,20.248,208.098,36181,1146,183359,15198
FinanceBench,financebench_id_03718,financebench_id_03718,Lockheed Martin,LOCKHEEDMARTIN_2022_10K,,What is Lockheed Martin's 2 year total revenue CAGR from FY2020 to FY2022 (in units of percents and round to one decimal place)? Provide a response to the question by primarily using the statement of income.,LOCKHEEDMARTIN_2022_10K_0020,LOCKHEEDMARTIN_2022_10K_0011,LOCKHEEDMARTIN_2022_10K_0012|LOCKHEEDMARTIN_2022_10K_0011,0,,both_fail,151.18,62.526,151.18,52061,4803,172446,11620
FinanceBench,financebench_id_04171,financebench_id_04171,MGM Resorts,MGMRESORTS_2018_10K,,"Basing your judgments off of the balance sheet, what is the year end FY2018 amount of accounts payable for MGM Resorts? Answer in USD millions.",MGMRESORTS_2018_10K_0013,MGMRESORTS_2018_10K_0013,MGMRESORTS_2018_10K_0013|MGMRESORTS_2018_10K_0014,1,1.0,both_rank1,148.938,21.202,148.938,33613,1357,165809,8733
FinanceBench,financebench_id_00382,financebench_id_00382,MGM Resorts,MGMRESORTS_2022Q4_EARNINGS,,Which region had the Highest EBITDAR Contribution for MGM during FY2022?,MGMRESORTS_2022Q4_EARNINGS_0019,MGMRESORTS_2022_10K_0011,MGMRESORTS_2022_10K_0122|MGMRESORTS_2022_10K_0011|MGMRESORTS_2022_10K_0119|MGMRESORTS_2022_10K_0120|MGMRESORTS_2022_10K_0010,0,,both_fail,77.046,19.829,77.046,47481,1542,121916,5955
FinanceBench,financebench_id_01911,financebench_id_01911,MGM Resorts,MGMRESORTS_2022Q4_EARNINGS,,What was MGM's interest coverage ratio using FY2022 Adjusted EBIT as the numerator and annual Interest Expense as the denominator?,MGMRESORTS_2022Q4_EARNINGS_0019,MGMRESORTS_2022_10K_0011,MGMRESORTS_2022Q4_EARNINGS_0019|MGMRESORTS_2022_10K_0011|MGMRESORTS_2022_10K_0014|MGMRESORTS_2022_10K_0013|MGMRESORTS_2022_10K_0010,0,1.0,mrr_rank1_only,238.277,63.944,238.277,66973,4960,234149,18538
FinanceBench,financebench_id_01254,financebench_id_01254,MGM Resorts,MGMRESORTS_2022_10K,,Has MGM Resorts paid dividends to common shareholders in FY2022?,MGMRESORTS_2022_10K_0008,MGMRESORTS_2022_10K_0009,MGMRESORTS_2022_10K_0011|MGMRESORTS_2022_10K_0014|MGMRESORTS_2022_10K_0009|MGMRESORTS_2022_10K_0008|MGMRESORTS_2022_10K_0007,0,4.0,mrr_lower_only,68.497,16.838,68.497,29684,1352,117470,5364
FinanceBench,financebench_id_00407,financebench_id_00407,MGM Resorts,MGMRESORTS_2023Q2_10Q,,Which type of debt received the largest investment among the short term investments for MGM in H1 FY2023?,MGMRESORTS_2023Q2_10Q_0005,MGMRESORTS_2023Q2_10Q_0005,MGMRESORTS_2023Q2_10Q_0006|MGMRESORTS_2023Q2_10Q_0005|MGMRESORTS_2023Q2_10Q_0004|MGMRESORTS_2023Q2_10Q_0010|MGMRESORTS_2023Q2_10Q_0009,1,2.0,accuracy_only_mrr_lower,64.246,18.142,64.246,28898,1421,108591,5288
FinanceBench,financebench_id_04700,financebench_id_04700,Microsoft,MICROSOFT_2016_10K,,What is the FY2016 COGS for Microsoft? Please state answer in USD millions. Provide a response to the question by primarily using the statement of income.,MICROSOFT_2016_10K_0014_intro,MICROSOFT_2016_10K_0013,MICROSOFT_2016_10K_0014_intro|MICROSOFT_2016_10K_0013,0,1.0,mrr_rank1_only,78.546,32.039,78.546,27110,2520,92531,6637
FinanceBench,financebench_id_00552,financebench_id_00552,Microsoft,MICROSOFT_2023_10K,,Has Microsoft increased its debt on balance sheet between FY2023 and the FY2022 period?,MICROSOFT_2023_10K_0014,MICROSOFT_2023_10K_0014,MICROSOFT_2023_10K_0014|MICROSOFT_2023_10K_0012|MICROSOFT_2023_10K_0013,1,1.0,both_rank1,68.094,18.993,68.094,80366,1417,202936,5829
FinanceBench,financebench_id_03282,financebench_id_03282,Netflix,NETFLIX_2017_10K,,What is Netflix's year end FY2017 total current liabilities (in USD millions)? Base your judgments on the information provided primarily in the balance sheet.,NETFLIX_2017_10K_0024,NETFLIX_2017_10K_0024,NETFLIX_2017_10K_0024|NETFLIX_2017_10K_0013,1,1.0,both_rank1,109.317,17.877,109.317,50374,1175,131084,9263
FinanceBench,financebench_id_03531,financebench_id_03531,Nike,NIKE_2019_10K,,"According to the details clearly outlined within the balance sheet, how much total current assets did Nike have at the end of FY2019? Answer in USD millions.",NIKE_2019_10K_0026,NIKE_2019_10K_0026,NIKE_2019_10K_0026|NIKE_2019_10K_0025,1,1.0,both_rank1,115.955,20.972,115.955,55585,1605,132833,10049
FinanceBench,financebench_id_01163,financebench_id_01163,Nike,NIKE_2023_10K,,"Among operations, investing, and financing activities, which brought in the most (or lost the least) cash flow for Nike in FY2023?",NIKE_2023_10K_0026,NIKE_2023_10K_0026,NIKE_2023_10K_0026|NIKE_2023_10K_0024,1,1.0,both_rank1,108.921,23.144,108.921,64182,1801,175340,8465
FinanceBench,financebench_id_00080,financebench_id_00080,Paypal,PAYPAL_2022_10K,,"Does Paypal have positive working capital based on FY2022 data? If working capital is not a useful or relevant metric for this company, then please state that and explain why.",PAYPAL_2022_10K_0034,PAYPAL_2022_10K_0034,PAYPAL_2022_10K_0034|PAYPAL_2022_10K_0011|PAYPAL_2022_10K_0013|PAYPAL_2022_10K_0024|PAYPAL_2022_10K_0023,1,1.0,both_rank1,117.96,34.307,117.96,42461,2677,139659,10838
FinanceBench,financebench_id_00735,financebench_id_00735,PepsiCo,PEPSICO_2022_10K,,Has Pepsico reported any materially important ongoing legal battles from FY2022 and FY2021?,PEPSICO_2022_10K_0058,PEPSICO_2022_10K_0058,PEPSICO_2022_10K_0058|PEPSICO_2022_10K_0056|PEPSICO_2022_10K_0057|PEPSICO_2022_10K_0059|PEPSICO_2022_10K_0000,1,1.0,both_rank1,331.048,331.048,331.048,464493,26340,464493,26340
FinanceBench,financebench_id_01474,financebench_id_01474,PepsiCo,PEPSICO_2023Q1_EARNINGS,,"As of FY2023Q1, why did Pepsico raise full year guidance for FY2023?",PEPSICO_2023Q1_EARNINGS_0000,PEPSICO_2023Q1_EARNINGS_0000,PEPSICO_2023Q1_EARNINGS_0000|PEPSICO_2023Q1_EARNINGS_0001|PEPSICO_2023Q1_EARNINGS_0002|PEPSICO_2023Q1_EARNINGS_0003,1,1.0,both_rank1,96.66,15.312,96.66,17193,1243,52209,7634
FinanceBench,financebench_id_01476,financebench_id_01476,PepsiCo,PEPSICO_2023Q1_EARNINGS,,"As of FY2023Q1, by how many percentage points did Pepsico raise full year guidance in respect of core constant currency EPS growth?",PEPSICO_2023Q1_EARNINGS_0000,PEPSICO_2023Q1_EARNINGS_0002,PEPSICO_2023Q1_EARNINGS_0000|PEPSICO_2023Q1_EARNINGS_0002|PEPSICO_2023Q1_EARNINGS_0003|PEPSICO_2023Q1_EARNINGS_0001,0,1.0,mrr_rank1_only,87.274,16.827,87.274,17121,1159,52447,7219
FinanceBench,financebench_id_01482,financebench_id_01482,PepsiCo,PEPSICO_2023_8K_dated-2023-05-05,,"At the Pepsico AGM held on May 3, 2023, what was the outcome of the shareholder vote on the shareholder proposal for a congruency report by Pepsico on net-zero emissions policies?",PEPSICO_2023_8K_dated_2023_05_05_0001,PEPSICO_2023_8K_dated_2023_05_05_0001,PEPSICO_2023_8K_dated_2023_05_05_0001,1,1.0,both_rank1,34.521,13.265,34.521,14532,1179,28252,3361
FinanceBench,financebench_id_00882,financebench_id_00882,PepsiCo,PEPSICO_2023_8K_dated-2023-05-30,,"As of May 26, 2023, what is the total amount Pepsico may borrow under its unsecured revolving credit agreements?",PEPSICO_2023_8K_dated_2023_05_30_0001,PEPSICO_2023_8K_dated_2023_05_30_0001,PEPSICO_2023_8K_dated_2023_05_30_0001|PEPSICO_2023_8K_dated_2023_05_30_0004|PEPSICO_2023_8K_dated_2023_05_30_0071,1,1.0,both_rank1,234.246,46.448,234.246,87286,2001,298447,14117
FinanceBench,financebench_id_00302,financebench_id_00302,Pfizer,PFIZER_2021_10K,,Did Pfizer grow its PPNE between FY20 and FY21?,PFIZER_2021_10K_0038,PFIZER_2021_10K_0039,PFIZER_2021_10K_0113|PFIZER_2021_10K_0039|PFIZER_2021_10K_0111|PFIZER_2021_10K_0112|PFIZER_2021_10K_0165,0,,both_fail,104.566,26.8,104.566,45139,1865,126413,8174
FinanceBench,financebench_id_00702,financebench_id_00702,Pfizer,PFIZER_2021_10K,,Were there any potential events that are not in Pfizer's standard business operations that substantially increased net income in 2019?,PFIZER_2021_10K_0036,PFIZER_2021_10K_0026,PFIZER_2021_10K_0073|PFIZER_2021_10K_0037|PFIZER_2021_10K_0041|PFIZER_2021_10K_0026|PFIZER_2021_10K_0071,0,,both_fail,176.372,36.472,176.372,65025,2380,169584,12247
FinanceBench,financebench_id_03882,financebench_id_03882,Amcor,AMCOR_2020_10K,,What is Amcor's year end FY2020 net AR (in USD millions)? Address the question by adopting the perspective of a financial analyst who can only use the details shown within the balance sheet.,AMCOR_2020_10K_0017,AMCOR_2020_10K_0017,AMCOR_2020_10K_0017|AMCOR_2020_10K_0016|AMCOR_2020_10K_0013,1,1.0,both_rank1,340.339,33.788,340.339,31670,1105,225040,20846
FinanceBench,financebench_id_00394,financebench_id_00394,JPMorgan,JPMORGAN_2022Q2_10Q,,"In 2022 Q2, which of JPM's business segments had the highest net income?",JPMORGAN_2022Q2_10Q_0025,JPMORGAN_2022Q2_10Q_0025,JPMORGAN_2022Q2_10Q_0025|JPMORGAN_2022Q2_10Q_0276|JPMORGAN_2022Q2_10Q_0275|JPMORGAN_2022Q2_10Q_0035|JPMORGAN_2022Q2_10Q_0007,1,1.0,both_rank1,411.125,40.255,411.125,40378,1899,172213,21909
FinanceBench,financebench_id_04302,financebench_id_04302,Nike,NIKE_2018_10K,,"We need to calculate a reasonable approximation (or exact number if possible) of a financial metric. Basing your judgment by information plainly provided in the statement of income, what is Nike's three year average of cost of goods sold as a % of revenue from FY2016 to FY2018? Answer in units of percents and round to one decimal place.",NIKE_2018_10K_0026,NIKE_2018_10K_0026,NIKE_2018_10K_0026|NIKE_2018_10K_0024|NIKE_2018_10K_0023|NIKE_2018_10K_0022|NIKE_2018_10K_0021,1,1.0,both_rank1,276.791,27.576,276.791,66743,1559,229806,10414
FinanceBench,financebench_id_01328,financebench_id_01328,PepsiCo,PEPSICO_2022_10K,,What is the quantity of restructuring costs directly outlined in Pepsico's income statements for FY2022? If restructuring costs are not explicitly outlined then state 0.,PEPSICO_2022_10K_0150,PEPSICO_2022_10K_0120,PEPSICO_2022_10K_0120,0,,both_fail,357.623,31.772,357.623,34257,1161,173359,14110
FinanceBench,financebench_id_00601,financebench_id_00601,Ulta Beauty,ULTABEAUTY_2023Q4_EARNINGS,,What drove the reduction in SG&A expense as a percent of net sales in FY2023?,ULTABEAUTY_2023Q4_EARNINGS_0002,AMCOR_2023_10K_0010,AMCOR_2023_10K_0010|AMCOR_2023_10K_0014|AMCOR_2023_10K_0019|BESTBUY_2023_10K_0012|BESTBUY_2023_10K_0011,0,,both_fail,396.731,52.915,396.731,45653,1612,245052,13681
FinanceBench,financebench_id_00603,financebench_id_00603,Ulta Beauty,ULTABEAUTY_2023Q4_EARNINGS,,What drove the increase in Ulta Beauty's merchandise inventories balance at end of FY2023?,ULTABEAUTY_2023Q4_EARNINGS_0003,ULTABEAUTY_2023_10K_0013,ULTABEAUTY_2023_10K_0013|ULTABEAUTY_2023_10K_0027|ULTABEAUTY_2023_10K_0011|ULTABEAUTY_2023_10K_0012,0,,both_fail,279.737,279.737,279.737,164472,10264,164472,10264
FinanceBench,financebench_id_00605,financebench_id_00605,Ulta Beauty,ULTABEAUTY_2023Q4_EARNINGS,,What percent of Ulta Beauty's total spend on stock repurchases for FY 2023 occurred in Q4 of FY2023?,ULTABEAUTY_2023Q4_EARNINGS_0004,ULTABEAUTY_2023_10K_0011,ULTABEAUTY_2023_10K_0011|ULTABEAUTY_2023_10K_0010,0,,both_fail,220.017,220.017,220.017,88902,8309,88902,8309
FinanceBench,financebench_id_00606,financebench_id_00606,Ulta Beauty,ULTABEAUTY_2023Q4_EARNINGS,,Did Ulta Beauty's wages expense as a percent of net sales increase or decrease in FY2023?,ULTABEAUTY_2023Q4_EARNINGS_0002,ULTABEAUTY_2023_10K_0013,ULTABEAUTY_2023_10K_0013|ULTABEAUTY_2023_10K_0027|ULTABEAUTY_2023_10K_0011|ULTABEAUTY_2023_10K_0012,0,,both_fail,317.987,317.986,317.986,176425,11893,176425,11893
FinanceBench,financebench_id_00746,financebench_id_00746,Ulta Beauty,ULTABEAUTY_2023_10K,,Which debt securities are registered to trade on a national securities exchange under Ulta Beauty's name as of FY2023?,ULTABEAUTY_2023_10K_0000,ULTABEAUTY_2023_10K_0000,ULTABEAUTY_2023_10K_0000|ULTABEAUTY_2023_10K_0011|ULTABEAUTY_2023_10K_0009|ULTABEAUTY_2023_10K_0010,1,1.0,both_rank1,255.432,36.288,255.432,30660,1660,121778,9347
FinanceBench,financebench_id_00521,financebench_id_00521,Ulta Beauty,ULTABEAUTY_2023_10K,,What are major acquisitions that Ulta Beauty has done in FY2023 and FY2022?,ULTABEAUTY_2023_10K_0027,ULTABEAUTY_2023_10K_0027,ULTABEAUTY_2023_10K_0027|ULTABEAUTY_2023_10K_0013,1,1.0,both_rank1,217.987,217.986,217.986,145150,8032,145150,8032
FinanceBench,financebench_id_00859,financebench_id_00859,Verizon,VERIZON_2021_10K,,"Among all of the derivative instruments that Verizon used to manage the exposure to fluctuations of foreign currencies exchange rates or interest rates, which one had the highest notional value in FY 2021?",VERIZON_2021_10K_0098_intro,VERIZON_2021_10K_0012,VERIZON_2021_10K_0098_intro|VERIZON_2021_10K_0012|VERIZON_2021_10K_0096|VERIZON_2021_10K_0097|VERIZON_2021_10K_0108,0,1.0,mrr_rank1_only,116.237,23.765,116.237,29739,961,86930,6720
FinanceBench,financebench_id_00216,financebench_id_00216,Verizon,VERIZON_2022_10K,,"Does Verizon have a reasonably healthy liquidity profile based on its quick ratio for FY 2022? If the quick ratio is not relevant to measure liquidity, please state that and explain why.",VERIZON_2022_10K_0018,VERIZON_2022_10K_0018,VERIZON_2022_10K_0018|VERIZON_2022_10K_0011|VERIZON_2022_10K_0010|VERIZON_2022_10K_0154|VERIZON_2022_10K_0153,1,1.0,both_rank1,271.525,57.93,271.525,78386,2667,174611,10670
FinanceBench,financebench_id_00566,financebench_id_00566,Verizon,VERIZON_2022_10K,,Has Verizon increased its debt on balance sheet between 2022 and the 2021 fiscal period?,VERIZON_2022_10K_0068_intro,VERIZON_2022_10K_0018,VERIZON_2022_10K_0068_intro|VERIZON_2022_10K_0018|VERIZON_2022_10K_0011|VERIZON_2022_10K_0153|VERIZON_2022_10K_0008,0,1.0,mrr_rank1_only,258.443,34.143,258.443,34480,1412,166811,11581
FinanceBench,financebench_id_04784,financebench_id_04784,Walmart,WALMART_2019_10K,,"Based on the information provided primarily in the statement of income, what is the FY2018 - FY2019 change in unadjusted operating income % margin for Walmart? Answer in units of percents and round to one decimal place.",WALMART_2019_10K_0013,WALMART_2019_10K_0013,WALMART_2019_10K_0013|WALMART_2019_10K_0011|WALMART_2019_10K_0010|WALMART_2019_10K_0009,1,1.0,both_rank1,214.281,39.112,214.281,62618,1105,190388,8279
FinanceBench,financebench_id_02608,financebench_id_02608,Best Buy,BESTBUY_2017_10K,,"In agreement with the information outlined in the income statement, what is the FY2015 - FY2017 3 year average net profit margin (as a %) for Best Buy? Answer in units of percents and round to one decimal place.",BESTBUY_2017_10K_0068,BESTBUY_2017_10K_0069,BESTBUY_2017_10K_0068|BESTBUY_2017_10K_0069|BESTBUY_2017_10K_0011|BESTBUY_2017_10K_0149|BESTBUY_2017_10K_0070,0,1.0,mrr_rank1_only,240.121,44.296,240.121,46621,2362,179840,13025
FinanceBench,financebench_id_00705,financebench_id_00705,PepsiCo,PEPSICO_2023_8K_dated-2023-05-30,,"By how much did Pepsico increase its unsecured five year revolving credit agreement on May 26, 2023?",PEPSICO_2023_8K_dated_2023_05_30_0001,PEPSICO_2023_8K_dated_2023_05_30_0001,PEPSICO_2023_8K_dated_2023_05_30_0001|PEPSICO_2023_8K_dated_2023_05_30_0071,1,1.0,both_rank1,186.269,34.297,186.269,87271,1845,231158,9559
FinanceBench,financebench_id_03029,financebench_id_03029,3M,3M_2018_10K,,What is the FY2018 capital expenditure amount (in USD millions) for 3M? Give a response to the question by relying on the details shown in the cash flow statement.,3M_2018_10K_0031,3M_2018_10K_0031,3M_2018_10K_0031|3M_2018_10K_0020|3M_2018_10K_0017|3M_2018_10K_0042|3M_2018_10K_0032,1,1.0,both_rank1,236.554,78.013,236.554,108534,2729,258483,10343
FinanceBench,financebench_id_00476,financebench_id_00476,American Express,AMERICANEXPRESS_2022_10K,,Which debt securities are registered to trade on a national securities exchange under American Express' name as of 2022?,AMERICANEXPRESS_2022_10K_0000,AMERICANEXPRESS_2022_10K_0000,AMERICANEXPRESS_2022_10K_0000|AMERICANEXPRESS_2022_10K_0132,1,1.0,both_rank1,244.817,244.817,244.817,148779,10139,148779,10139
FinanceBench,financebench_id_04980,financebench_id_04980,PepsiCo,PEPSICO_2021_10K,,What is the FY2021 capital expenditure amount (in USD billions) for PepsiCo? Respond to the question by assuming the perspective of an investment analyst who can only use the details shown within the statement of cash flows.,PEPSICO_2021_10K_0123,PEPSICO_2022_10K_0122,PEPSICO_2022_10K_0122|PEPSICO_2022_10K_0121|PEPSICO_2021_10K_0136|PEPSICO_2021_10K_0064|PEPSICO_2021_10K_0140,0,,both_fail,777.41,777.41,777.41,393387,31963,393387,31963
